[
  {
    "id": 1,
    "title": "Introduction to Computer Science",
    "badge": "MIT",
    "badgeColor": "blue",
    "progress": 75,
    "status": "progress",
    "modules": { "completed": 15, "total": 20 },
    "enrolled": "2,345",
    "duration": "4 weeks",
    "rating": "4.8",
    "certificateEarned": false,
    "isActive": true,
    "tags": ["Computer Science", "Programming", "Algorithms"],
    "image": "https://images.unsplash.com/photo-1517694712202-14dd9538aa97"
  },
  {
    "id": 2,
    "title": "Python for Everybody",
    "badge": "Harvard",
    "badgeColor": "red",
    "progress": 42,
    "status": "progress",
    "modules": { "completed": 8, "total": 19 },
    "enrolled": "3,891",
    "duration": "6 weeks",
    "rating": "4.7",
    "certificateEarned": false,
    "isActive": true,
    "tags": ["Python", "Programming", "Data Science"],
    "image": "https://images.unsplash.com/photo-1526379095098-d400fd0bf935"
  },
  {
    "id": 3,
    "title": "Machine Learning Specialization",
    "badge": "Stanford",
    "badgeColor": "orange",
    "progress": 18,
    "status": "progress",
    "modules": { "completed": 3, "total": 17 },
    "enrolled": "1,567",
    "duration": "8 weeks",
    "rating": "4.9",
    "certificateEarned": false,
    "isActive": true,
    "tags": ["Machine Learning", "AI", "Python"],
    "image": "https://images.unsplash.com/photo-1555949963-aa79dcee981c"
  },
  {
    "id": 4,
    "title": "Web Development Bootcamp",
    "badge": "Google",
    "badgeColor": "green",
    "progress": 100,
    "status": "completed",
    "modules": { "completed": 22, "total": 22 },
    "enrolled": "5,234",
    "duration": "12 weeks",
    "rating": "4.6",
    "certificateEarned": true,
    "isActive": false,
    "tags": ["Web Development", "HTML", "CSS", "JavaScript"],
    "image": "https://images.unsplash.com/photo-1547658719-da2b51169166"
  },
  {
    "id": 5,
    "title": "Data Science Professional Certificate",
    "badge": "IBM",
    "badgeColor": "purple",
    "progress": 65,
    "status": "progress",
    "modules": { "completed": 13, "total": 20 },
    "enrolled": "2,876",
    "duration": "5 weeks",
    "rating": "4.5",
    "certificateEarned": false,
    "isActive": true,
    "tags": ["Data Science", "Python", "Analytics"],
    "image": "https://images.unsplash.com/photo-1551288049-bebda4e38f71"
  },
  {
    "id": 6,
    "title": "Full Stack Development",
    "badge": "Yale",
    "badgeColor": "pink",
    "progress": 30,
    "status": "progress",
    "modules": { "completed": 6, "total": 20 },
    "enrolled": "4,123",
    "duration": "10 weeks",
    "rating": "4.7",
    "certificateEarned": false,
    "isActive": true,
    "tags": ["Full Stack", "React", "Node.js"],
    "image": "https://images.unsplash.com/photo-1498050108023-c5249f4df085"
  }
]
